<?xml version="1.0" encoding="UTF-8"?>
<!DOCTYPE mapper PUBLIC "-//mybatis.org//DTD Mapper 3.0//EN" "http://mybatis.org/dtd/mybatis-3-mapper.dtd" >
<mapper namespace="edu.kh.project.member.model.mapper.MemberMapper">
<!-- namespace에 연결할 Mapper 인터페이스 패키지명 + 인터페이스명 작성
	-> 매퍼 인터페이스 메서드 호출 시 xml 파일에 작성된 태그 중 메서드명과 같은 
	   id를 가진 SQL이 수행됨
 -->

	<!-- parameterType : 필수 속성이 아님
		mybatis에서 TypeHandler를 가지고 있어서 내부적으로 자료형을 판별해준다
	 -->
	<!-- 로그인 -->
	<select id="login" resultType="Member" >
		SELECT MEMBER_NO, MEMBER_EMAIL, MEMBER_NICKNAME, MEMBER_PW, MEMBER_TEL, 
		MEMBER_ADDRESS, PROFILE_IMG , AUTHORITY, TO_CHAR(ENROLL_DATE,'YYYY"년"MM"월"DD"일" HH24"시" MI"분" SS"초"') ENROLL_DATE 
		FROM "MEMBER"
		WHERE MEMBER_EMAIL = #{memberEmail}
		AND MEMBER_DEL_FL = 'N'
	</select>
	
	
	<!--  이메일 중복 검사 -->
	<select id="checkEmail" resultType="_int">
		SELECT COUNT(*)
		FROM "MEMBER"
		WHERE MEMBER_DEL_FL = 'N'
		AND MEMBER_EMAIL = #{memberEmail}
	</select>
	
	
	<!-- 닉네임 중복 검사 -->
	<select id="checkNickname" resultType="_int">
	SELECT COUNT(*)
	FROM "MEMBER"
	WHERE MEMBER_DEL_FL = 'N'
	AND MEMBER_NICKNAME =#{memberNickname}
	</select>
	
	<!-- 회원 가입 -->
	<insert id="signup">
		INSERT INTO "MEMBER"
		VALUES(SEQ_MEMBER_NO.NEXTVAL, 
			 #{memberEmail},
			 #{memberPw},
			 #{memberNickname},
			 #{memberTel},
			 #{memberAddress} ,
			 NULL,
			 DEFAULT,
			 DEFAULT,
			 DEFAULT
			)
	</insert>
	
	<!-- 회원 목록 조회 -->
	<select id="memberList">
		SELECT MEMBER_NO, MEMBER_EMAIL, MEMBER_NICKNAME, MEMBER_DEL_FL
		FROM "MEMBER"
	</select>
	
	<!-- 특정 회원 비밀번호 초기화 -->
	<update id="resetPw">
		UPDATE "MEMBER" SET MEMBER_PW= #{memberPw}
		WHERE MEMBER_NO = #{memberNo}
	</update>
	
	<!-- 특정 회원 탈퇴 복구 -->
	<update id="restoreMember">
		UPDATE "MEMBER" SET MEMBER_DEL_FL ='N'
		WHERE MEMBER_NO = #{memberNo}
	</update>
	
</mapper>
