<?xml version="1.0" encoding="UTF-8"?>
<!DOCTYPE mapper PUBLIC "-//mybatis.org//DTD Mapper 3.0//EN" "http://mybatis.org/dtd/mybatis-3-mapper.dtd" >
<mapper namespace="edu.kh.project.member.model.mapper.MemberMapper">
	<!-- namespace에 연결할 Mapper 인터페이스 패키지명+ 인터페이스명 작성
		 -> 매퍼 인터페이스 메서드 호출 시
		 xml 파일에 작성된 태그 중 메서드명과 같은 id를 가진 SQL이 수행됨 
		 -->

<!--  parameterType 속성은 필수 속성이 아님
 Why? TypeHeandler 를 이용해서 자료형을 판별할 수 있음 -->

<!--  로그인  -->
<select id="login" resultType="Member">
SELECT MEMBER_NO, MEMBER_EMAIL, MEMBER_NICKNAME, MEMBER_PW,
MEMBER_TEL, MEMBER_ADDRESS, PROFILE_IMG, AUTHORITY,
TO_CHAR(ENROLL_DATE, 'YYYY"년" MM"월" DD"일" HH24"시" MI"분" SS"초"') ENROLL_DATE
FROM "MEMBER"
WHERE MEMBER_EMAIL = #{memberEmail}
AND MEMBER_DEL_FL ='N'
</select>

<!-- 이메일 중복 검사 -->
<select id="checkEmail" resultType="_int">
SELECT COUNT(*)
FROM "MEMBER"
WHERE MEMBER_DEL_FL ='N'
AND MEMBER_EMAIL =#{memberEmail}
</select>

<select id="checkNickname" resultType="_int">
SELECT COUNT(*)
FROM "MEMBER"
WHERE MEMBER_DEL_FL ='N'
AND MEMBER_NICKNAME =#{memberNickname}
</select>

<!-- 회원가입 -->
<insert id="signup">
INSERT INTO "MEMBER"
VALUES(SEQ_MEMBER_NO.NEXTVAL, 
			 #{memberEmail},
			 #{memberPw},
			 #{memberNickname},
			 #{memberTel},
			 #{memberAddress},
			 NULL,
			 DEFAULT,
			 DEFAULT,
			 DEFAULT)
</insert>

<!-- 회원 목록 조회 -->
<select id="selectMemberList" resultType="Member">
SELECT MEMBER_NO, MEMBER_EMAIL, MEMBER_NICKNAME, MEMBER_DEL_FL
FROM "MEMBER"
ORDER BY MEMBER_NO 
</select>

<update id="resetPw">
UPDATE "MEMBER" SET
MEMBER_PW =#{encPw}
WHERE MEMBER_NO =#{inputNo}
</update>

</mapper>
